{"acc/top1": 0.9244031830238727, "acc/top5": 1.0, "acc/mean1": 0.9210593220338984, "confusion_matrix/result": [[116, 0, 0, 2], [4, 111, 0, 3], [0, 0, 98, 20], [1, 4, 23, 372]], "data_time": 0.0024555229065588995, "time": 0.267996149290778}