{"acc/top1": 0.9204244031830239, "acc/top5": 1.0, "acc/mean1": 0.9191843220338983, "confusion_matrix/result": [[116, 0, 0, 2], [2, 114, 0, 2], [0, 0, 95, 23], [3, 6, 22, 369]], "data_time": 0.002585857553254388, "time": 0.2701173201796231}