{"acc/top1": 0.9336870026525199, "acc/top5": 1.0, "acc/mean1": 0.949332627118644, "confusion_matrix/result": [[118, 0, 0, 0], [0, 116, 0, 2], [0, 0, 107, 11], [2, 20, 15, 363]], "data_time": 0.003960766273721143, "time": 0.7805167616836588}