{"base_lr": 1.314396612561749e-06, "lr": 4.1074894142554654e-08, "data_time": 0.0048702478408813475, "grad_norm": 88.33077220916748, "loss": 1.546134239435196, "top1_acc": 0.25, "top5_acc": 1.0, "loss_cls": 1.546134239435196, "time": 1.6818019151687622, "epoch": 1, "iter": 100, "memory": 11653, "step": 100}
