{"base_lr": 9.995299452776627e-06, "lr": 3.123531078992696e-07, "data_time": 0.006425511837005615, "grad_norm": 154.66625347137452, "loss": 0.6801106695085763, "top1_acc": 0.625, "top5_acc": 1.0, "loss_cls": 0.6801106695085763, "time": 1.6786673188209533, "epoch": 1, "iter": 100, "memory": 11653, "step": 100}
