{"acc/top1": 0.9270557029177718, "acc/top5": 1.0, "acc/mean1": 0.9297775423728813, "confusion_matrix/result": [[116, 0, 0, 2], [1, 112, 0, 5], [0, 0, 102, 16], [1, 5, 25, 369]], "data_time": 0.002482272901965073, "time": 0.26964347779908926}