{"acc/top1": 0.9297082228116711, "acc/top5": 1.0, "acc/mean1": 0.9310275423728813, "confusion_matrix/result": [[116, 0, 0, 2], [2, 112, 0, 4], [0, 0, 102, 16], [0, 5, 24, 371]], "data_time": 0.002618034259077725, "time": 0.27388374210985017}