{"acc/top1": 0.9336870026525199, "acc/top5": 1.0, "acc/mean1": 0.934396186440678, "confusion_matrix/result": [[116, 0, 0, 2], [2, 113, 0, 3], [0, 0, 102, 16], [0, 6, 21, 373]], "data_time": 0.0025138311107847987, "time": 0.27623511783640325}