{"lr": 0.01, "data_time": 0.07028799057006836, "loss": 0.9217409670352936, "loss_cls": 0.9217409670352936, "time": 0.2040168523788452, "epoch": 1, "iter": 10, "memory": 430, "step": 10}
{"acc/topk1": 0.5, "acc/topk5": 1.0, "data_time": 0.4715905666351318, "time": 0.5017259120941162, "step": 1}
{"lr": 0.01, "data_time": 0.07733423709869384, "loss": 0.8717505604028701, "loss_cls": 0.8717505604028701, "time": 0.1275193214416504, "epoch": 2, "iter": 25, "memory": 1187, "step": 25}
{"acc/topk1": 0.4, "acc/topk5": 1.0, "data_time": 0.4653693437576294, "time": 0.49572205543518066, "step": 2}
{"lr": 0.01, "data_time": 0.0686037302017212, "loss": 0.7498840257525444, "loss_cls": 0.7498840257525444, "time": 0.12017920017242431, "epoch": 3, "iter": 40, "memory": 1187, "step": 40}
{"acc/topk1": 0.5, "acc/topk5": 1.0, "data_time": 0.45080045859018963, "time": 0.48080289363861084, "step": 3}
{"lr": 0.01, "data_time": 0.06962018013000489, "loss": 0.7088597774505615, "loss_cls": 0.7088597774505615, "time": 0.11986939907073975, "epoch": 4, "iter": 55, "memory": 1187, "step": 55}
{"acc/topk1": 0.5, "acc/topk5": 1.0, "data_time": 0.46655118465423584, "time": 0.4967507521311442, "step": 4}
{"lr": 0.01, "data_time": 0.07141075134277344, "loss": 0.6216297090053559, "loss_cls": 0.6216297090053559, "time": 0.12235395908355713, "epoch": 5, "iter": 70, "memory": 1187, "step": 70}
{"acc/topk1": 0.4, "acc/topk5": 1.0, "data_time": 0.4613140821456909, "time": 0.4912045399347941, "step": 5}
{"lr": 0.01, "data_time": 0.07301642894744872, "loss": 0.49857197105884554, "loss_cls": 0.49857197105884554, "time": 0.12359898090362549, "epoch": 6, "iter": 85, "memory": 1187, "step": 85}
{"acc/topk1": 0.4, "acc/topk5": 1.0, "data_time": 0.4738164742787679, "time": 0.5039602518081665, "step": 6}
{"lr": 0.01, "data_time": 0.07747938632965087, "loss": 0.5641258925199508, "loss_cls": 0.5641258925199508, "time": 0.12837486267089843, "epoch": 7, "iter": 100, "memory": 1187, "step": 100}
{"acc/topk1": 0.3, "acc/topk5": 1.0, "data_time": 0.46078741550445557, "time": 0.49075011412302655, "step": 7}
{"lr": 0.01, "data_time": 0.07637484073638916, "loss": 0.7980553887784481, "loss_cls": 0.7980553887784481, "time": 0.12670063972473145, "epoch": 8, "iter": 115, "memory": 1187, "step": 115}
{"acc/topk1": 0.5, "acc/topk5": 1.0, "data_time": 0.45615971088409424, "time": 0.48618356386820477, "step": 8}
{"lr": 0.01, "data_time": 0.06715960502624511, "loss": 0.5718359529972077, "loss_cls": 0.5718359529972077, "time": 0.11813490390777588, "epoch": 9, "iter": 130, "memory": 1187, "step": 130}
{"acc/topk1": 0.3, "acc/topk5": 1.0, "data_time": 0.4521023432413737, "time": 0.4829336404800415, "step": 9}
{"lr": 0.01, "data_time": 0.06730260848999023, "loss": 0.5784141533076763, "loss_cls": 0.5784141533076763, "time": 0.11910083293914794, "epoch": 10, "iter": 145, "memory": 1187, "step": 145}
{"acc/topk1": 0.3, "acc/topk5": 1.0, "data_time": 0.46924448013305664, "time": 0.49955705801645917, "step": 10}
