{"base_lr": 1.314396612561749e-06, "lr": 4.1074894142554654e-08, "data_time": 0.004870855808258056, "grad_norm": 89.62764930725098, "loss": 1.495280486345291, "top1_acc": 0.125, "top5_acc": 1.0, "loss_cls": 1.495280486345291, "time": 1.7063372254371643, "epoch": 1, "iter": 100, "memory": 11653, "step": 100}
