{"lr": 1.2245463709677419e-05, "data_time": 0.009282886981964111, "grad_norm": 14.006165647506714, "loss": 1.4094890654087067, "top1_acc": 0.25, "top5_acc": 1.0, "loss_cls": 1.4094890654087067, "time": 0.5350316524505615, "epoch": 1, "iter": 100, "memory": 5067, "step": 100}
{"lr": 1.4513608870967745e-05, "data_time": 0.009015071392059325, "grad_norm": 13.911981010437012, "loss": 1.3982255578041076, "top1_acc": 0.0, "top5_acc": 1.0, "loss_cls": 1.3982255578041076, "time": 0.5299614787101745, "epoch": 1, "iter": 200, "memory": 5067, "step": 200}
{"lr": 1.6781754032258084e-05, "data_time": 0.009655678272247314, "grad_norm": 14.76713433265686, "loss": 1.4359785497188569, "top1_acc": 0.5, "top5_acc": 1.0, "loss_cls": 1.4359785497188569, "time": 0.542494249343872, "epoch": 1, "iter": 300, "memory": 5067, "step": 300}
{"lr": 1.9049899193548407e-05, "data_time": 0.010450291633605956, "grad_norm": 14.68487458229065, "loss": 1.3638035774230957, "top1_acc": 0.875, "top5_acc": 1.0, "loss_cls": 1.3638035774230957, "time": 0.5430673837661744, "epoch": 1, "iter": 400, "memory": 5067, "step": 400}
{"lr": 2.1318044354838746e-05, "data_time": 0.008637344837188721, "grad_norm": 14.054611349105835, "loss": 1.3660998880863189, "top1_acc": 0.5, "top5_acc": 1.0, "loss_cls": 1.3660998880863189, "time": 0.5560734272003174, "epoch": 1, "iter": 500, "memory": 5067, "step": 500}
{"lr": 2.2837701612903282e-05, "data_time": 0.006904208660125732, "grad_norm": 14.58633861541748, "loss": 1.3685347378253936, "top1_acc": 0.75, "top5_acc": 1.0, "loss_cls": 1.3685347378253936, "time": 0.550333845615387, "epoch": 1, "iter": 567, "memory": 5067, "step": 567}
{"lr": 2.5105846774193625e-05, "data_time": 0.03457640409469605, "grad_norm": 14.093348264694214, "loss": 1.3908563911914826, "top1_acc": 0.375, "top5_acc": 1.0, "loss_cls": 1.3908563911914826, "time": 0.6038890957832337, "epoch": 2, "iter": 667, "memory": 5067, "step": 667}
{"lr": 2.7373991935483974e-05, "data_time": 0.008502495288848878, "grad_norm": 14.883594608306884, "loss": 1.3756047427654265, "top1_acc": 0.5, "top5_acc": 1.0, "loss_cls": 1.3756047427654265, "time": 0.5549165964126587, "epoch": 2, "iter": 767, "memory": 5067, "step": 767}
{"lr": 2.964213709677431e-05, "data_time": 0.009996318817138672, "grad_norm": 14.256049394607544, "loss": 1.3648333132266999, "top1_acc": 0.125, "top5_acc": 1.0, "loss_cls": 1.3648333132266999, "time": 0.5585456490516663, "epoch": 2, "iter": 867, "memory": 5067, "step": 867}
{"lr": 3.191028225806472e-05, "data_time": 0.008915162086486817, "grad_norm": 14.781396102905273, "loss": 1.3723585903644562, "top1_acc": 0.5, "top5_acc": 1.0, "loss_cls": 1.3723585903644562, "time": 0.5626532435417175, "epoch": 2, "iter": 967, "memory": 5067, "step": 967}
{"lr": 3.4178427419355053e-05, "data_time": 0.007833611965179444, "grad_norm": 14.330522680282593, "loss": 1.3456515192985534, "top1_acc": 0.5, "top5_acc": 1.0, "loss_cls": 1.3456515192985534, "time": 0.5613130807876587, "epoch": 2, "iter": 1067, "memory": 5067, "step": 1067}
{"lr": 3.569808467741956e-05, "data_time": 0.008271312713623047, "grad_norm": 14.77163052558899, "loss": 1.3635644674301148, "top1_acc": 0.25, "top5_acc": 1.0, "loss_cls": 1.3635644674301148, "time": 0.5628151059150696, "epoch": 2, "iter": 1134, "memory": 5067, "step": 1134}
{"acc/top1": 0.5782493368700266, "acc/top5": 1.0, "acc/mean1": 0.39647245762711864, "data_time": 0.3958380824641178, "time": 0.5617211843791761, "step": 2}
{"lr": 3.7966229838709875e-05, "data_time": 0.023308491706848143, "grad_norm": 14.217902231216431, "loss": 1.3463599324226379, "top1_acc": 0.5, "top5_acc": 1.0, "loss_cls": 1.3463599324226379, "time": 0.5892122983932495, "epoch": 3, "iter": 1234, "memory": 5067, "step": 1234}
{"lr": 4.023437500000019e-05, "data_time": 0.00963127613067627, "grad_norm": 14.332542371749877, "loss": 1.3510741710662841, "top1_acc": 0.5, "top5_acc": 1.0, "loss_cls": 1.3510741710662841, "time": 0.5571730256080627, "epoch": 3, "iter": 1334, "memory": 5067, "step": 1334}
{"lr": 4.250252016129049e-05, "data_time": 0.010763001441955567, "grad_norm": 14.736028099060059, "loss": 1.3283908069133759, "top1_acc": 0.375, "top5_acc": 1.0, "loss_cls": 1.3283908069133759, "time": 0.566607677936554, "epoch": 3, "iter": 1434, "memory": 5067, "step": 1434}
{"lr": 4.477066532258075e-05, "data_time": 0.009170663356781007, "grad_norm": 14.885459041595459, "loss": 1.2881400346755982, "top1_acc": 0.375, "top5_acc": 1.0, "loss_cls": 1.2881400346755982, "time": 0.5574633359909058, "epoch": 3, "iter": 1534, "memory": 5067, "step": 1534}
{"lr": 4.7038810483871076e-05, "data_time": 0.00856715440750122, "grad_norm": 14.46509246826172, "loss": 1.2835488021373749, "top1_acc": 0.5, "top5_acc": 1.0, "loss_cls": 1.2835488021373749, "time": 0.5624582886695861, "epoch": 3, "iter": 1634, "memory": 5067, "step": 1634}
{"lr": 4.855846774193558e-05, "data_time": 0.006971240043640137, "grad_norm": 15.131408500671387, "loss": 1.2658586621284484, "top1_acc": 0.25, "top5_acc": 1.0, "loss_cls": 1.2658586621284484, "time": 0.552550983428955, "epoch": 3, "iter": 1701, "memory": 5067, "step": 1701}
{"lr": 5.082661290322584e-05, "data_time": 0.02596416473388672, "grad_norm": 14.979847812652588, "loss": 1.3073688209056855, "top1_acc": 0.5, "top5_acc": 1.0, "loss_cls": 1.3073688209056855, "time": 0.5843600153923034, "epoch": 4, "iter": 1801, "memory": 5067, "step": 1801}
{"lr": 5.309475806451614e-05, "data_time": 0.008810901641845703, "grad_norm": 15.527118921279907, "loss": 1.250925028324127, "top1_acc": 0.5, "top5_acc": 1.0, "loss_cls": 1.250925028324127, "time": 0.5516969442367554, "epoch": 4, "iter": 1901, "memory": 5067, "step": 1901}
{"lr": 5.536290322580643e-05, "data_time": 0.008744680881500244, "grad_norm": 15.965320539474487, "loss": 1.2510441660881042, "top1_acc": 0.75, "top5_acc": 1.0, "loss_cls": 1.2510441660881042, "time": 0.5501726627349853, "epoch": 4, "iter": 2001, "memory": 5067, "step": 2001}
{"lr": 5.763104838709666e-05, "data_time": 0.008647596836090088, "grad_norm": 15.39117784500122, "loss": 1.2180823028087615, "top1_acc": 0.625, "top5_acc": 1.0, "loss_cls": 1.2180823028087615, "time": 0.5517138004302978, "epoch": 4, "iter": 2101, "memory": 5067, "step": 2101}
{"lr": 5.9899193548386896e-05, "data_time": 0.010630059242248534, "grad_norm": 15.211349868774414, "loss": 1.193174847960472, "top1_acc": 0.5, "top5_acc": 1.0, "loss_cls": 1.193174847960472, "time": 0.5613707184791565, "epoch": 4, "iter": 2201, "memory": 5067, "step": 2201}
{"lr": 6.14188508064514e-05, "data_time": 0.007812142372131348, "grad_norm": 14.439785289764405, "loss": 1.1258255541324615, "top1_acc": 0.25, "top5_acc": 1.0, "loss_cls": 1.1258255541324615, "time": 0.5555667757987977, "epoch": 4, "iter": 2268, "memory": 5067, "step": 2268}
{"acc/top1": 0.46286472148541113, "acc/top5": 1.0, "acc/mean1": 0.5616631355932203, "data_time": 0.39357107877731323, "time": 0.5554719914992651, "step": 4}
{"lr": 6.368699596774178e-05, "data_time": 0.022449195384979248, "grad_norm": 15.74702467918396, "loss": 1.1580845296382904, "top1_acc": 0.625, "top5_acc": 1.0, "loss_cls": 1.1580845296382904, "time": 0.5797185659408569, "epoch": 5, "iter": 2368, "memory": 5067, "step": 2368}
{"lr": 6.595514112903196e-05, "data_time": 0.01120452880859375, "grad_norm": 15.203222560882569, "loss": 1.1132048904895782, "top1_acc": 0.125, "top5_acc": 1.0, "loss_cls": 1.1132048904895782, "time": 0.5624831676483154, "epoch": 5, "iter": 2468, "memory": 5067, "step": 2468}
{"lr": 6.822328629032219e-05, "data_time": 0.008504629135131836, "grad_norm": 15.818287897109986, "loss": 1.1465645462274552, "top1_acc": 0.25, "top5_acc": 1.0, "loss_cls": 1.1465645462274552, "time": 0.5613895893096924, "epoch": 5, "iter": 2568, "memory": 5067, "step": 2568}
{"lr": 7.049143145161245e-05, "data_time": 0.008127880096435548, "grad_norm": 15.598500633239746, "loss": 1.0925886124372481, "top1_acc": 0.625, "top5_acc": 1.0, "loss_cls": 1.0925886124372481, "time": 0.551971185207367, "epoch": 5,